{"uid":7,"object":[{"t":0,"d":{"name":"type","description":"","type":"attribute","id":1}},{"t":0,"d":{"name":"name","description":"","type":"attribute","value":"db","id":2}},{"t":0,"d":{"name":"description","description":"","type":"attribute","value":"data base","id":3}},{"t":1,"d":{"id":4,"uid":5,"object":[{"t":0,"d":{"name":"type","description":"","type":"attribute","value":"character","id":1}},{"t":0,"d":{"name":"name","description":"","type":"attribute","value":"a1","id":2}},{"t":0,"d":{"name":"description","description":"","type":"attribute","value":"","id":3}},{"t":0,"d":{"name":"value","description":"","value":"100","type":"attribute","formula":"@a@","params":"@a@=a3[Value]","id":4}}]}},{"t":1,"d":{"id":5,"uid":6,"object":[{"t":0,"d":{"name":"type","description":"","type":"attribute","value":"character","id":1}},{"t":0,"d":{"name":"name","description":"","type":"attribute","value":"a2","id":2}},{"t":0,"d":{"name":"description","description":"","type":"attribute","value":"","id":3}},{"t":0,"d":{"name":"Sum","description":"","value":"","type":"attribute","formula":"@a@","params":"@a@=*[value]","id":4}},{"t":0,"d":{"name":"value","description":"","value":"120","type":"attribute","formula":"","params":"","id":5}}]}},{"t":1,"d":{"id":6,"uid":5,"object":[{"t":0,"d":{"name":"type","description":"","type":"attribute","value":"character","id":1}},{"t":0,"d":{"name":"name","description":"","type":"attribute","value":"a3","id":2}},{"t":0,"d":{"name":"Value","description":"","value":"","type":"attribute","formula":"@b@*@c@","params":"@a@=a1[value]|@b@=100|@c@=0.5","id":4}}]}}]}